{"importance": {"_type": "table-file", "sha256": "8d1d690d975bbfc5ec9a39b4767d6092f0ec3b951c37669928c47c8ba870694c", "size": 24306, "artifact_path": "wandb-client-artifact://ylail0q5ht0kqlwdqkn75tf3e36mbz3h3l360uojuk5auwuhsrp19yuvmbx5vuu9fdw7b20061nnlgyy8tptmkxuwtzv9ns95p5m8bdpd7ga61d2uwoe5yzpykclvjai:latest/importance.table.json", "_latest_artifact_path": "wandb-client-artifact://ylail0q5ht0kqlwdqkn75tf3e36mbz3h3l360uojuk5auwuhsrp19yuvmbx5vuu9fdw7b20061nnlgyy8tptmkxuwtzv9ns95p5m8bdpd7ga61d2uwoe5yzpykclvjai:latest/importance.table.json", "path": "media/table/importance_0_8d1d690d975bbfc5ec9a.table.json", "ncols": 2, "nrows": 1093}, "_timestamp": 1702489620.020374, "_runtime": 2.6726131439208984, "_step": 0, "r2": 0.730291154540746, "mse": 26125.563491136774, "rmse": 161.6340418697026, "mae": 121.62277590670296, "mape": 1.4205905402707226, "_wandb": {"runtime": 1}}